
[
{

    "name": "Ahri",
    "title": "The Nine-Tailed Fox",
    "age" : "Unknown (as a Vastaya, her age is not specified)",
    "origin": "Ionia",
    "appearance": "Ahri has the appearance of a beautiful young woman with fox-like features, including nine flowing tails.",
    "abilities" : "Ahri possesses the power to manipulate magic and charm her enemies. Her abilities revolve around her fox-like nature and the ability to drain the life essence from her opponents."
},

{
    
    "name": "Garen",
    "title": "The Might of Demacia",
    "age": "Late 20s",
    "origin": "Demacia",
    "appearance": "Garen is a tall and imposing figure, clad in shining armor with a distinctive giant sword.",
    "abilities": "Garen is a fierce warrior who excels in combat and can spin to deal damage to surrounding enemies. He is known for his durability and his ability to take on multiple opponents at once."
      
      

},
{
    "name": "Jinx",
    "title": "The Loose Cannon",
    "age": "Early 20s",
    "origin": "Zaun",
    "appearance": "Jinx has a wild and colorful appearance, with blue hair, an impish grin, and a penchant for explosives.",
    "abilities": "Jinx is an unpredictable marksman who excels at ranged attacks and has a penchant for causing chaos. She uses a variety of weapons, including rockets and firearms, to unleash destruction on her enemies."
},
{
    
    "name": "Yasuo",
    "title": "The Unforgiven",
    "age": "Late 20s",
    "origin": "Ionia",
    "appearance": "Yasuo is a skilled swordsman with a distinctive samurai-inspired appearance, wearing a traditional Ionian outfit.",
    "abilities": "Yasuo is a nimble and highly skilled duelist who wields a deadly wind technique. He can create a powerful gust of wind to block enemy attacks and deliver devastating strikes with his sword."

      
}
]
  