[
  {
    "name": "Peter Griffin",
    "home": "Quahog, Rhode Island",
    "partners": "Louis Griffin",
    "children": "Meg, Chris, Stewie",
    "firstEpisodeAppearance": "Pilot episode",
    "firstYearEpisodeAppearance": 1999,
    "lastYearEpisodeAppearance": 2023
  },
  {
    "name": "Brian Griffin",
    "home": "Quahog, Rhode Island",
    "partners": null,
    "children": "Dylan",
    "firstEpisodeAppearance": "Pilot episode",
    "firstYearEpisodeAppearance": 1999,
    "lastYearEpisodeAppearance": 2023
  },
  {
    "name": "Joe Swanson",
    "home": "Quahog, Rhode Island",
    "partners": "Bonnie Swanson",
    "children": "Susie, Kevin",
    "firstEpisodeAppearance": "S1 E5",
    "firstYearEpisodeAppearance": 1999,
    "lastYearEpisodeAppearance": 2023
  },
  {
    "name": "Cleveland Brown",
    "home": "Quahog, Rhode Island",
    "partners": "Loretta Brown, Donna Tubbs-Brown",
    "children": "Cleveland Brown Jr., Roberta Tubbs, Rallo Tubbs",
    "firstEpisodeAppearance": "Pilot episode",
    "firstYearEpisodeAppearance": 1999,
    "lastYearEpisodeAppearance": 2010
  },
  {
    "name": "Adam West",
    "home": "Quahog, Rhode Island",
    "partners": "Carol West",
    "children": "Robin West",
    "firstEpisodeAppearance": "S2 E12",
    "firstYearEpisodeAppearance": 1999,
    "lastYearEpisodeAppearance": 2019
  }
]
